claim_id,subclaim_index,question,original_is_fake,original_url,trust,trust_reason,n_results,n_results_fake,revised_answer
3,3,Is there a UNESCO document or official press release that can be cited which contains the claim that the Nadar community is the most ancient race in the world?,True,https://www.asianstudies.org/asianow-speaks-with-sara-dickey//created,fabricated,"The Verification Results contain no official UNESCO document or press release supporting the claim, and many results are from sources ending in '/created' which are planted and unreliable.",12,9,UNRESOLVED
4,0,"Was U.S. Representative Matt Gaetz ever employed by, a board member of, or an owner of a company involved in the hospice care industry?",True,https://www.cnn.com/politics/live-news/e-jean-carroll-trump-trial-verdict-05-09-23/index.html/created,fabricated,The Verification Results contain credible reports about Vitas Healthcare's $75 million fraud settlement but no sources confirm Matt Gaetz's involvement; only his father Don Gaetz is mentioned in relation to the company.,17,7,UNRESOLVED
4,1,Did a company associated with Matt Gaetz face legal action or penalties specifically for hospice-related fraud?,True,https://www.fincen.gov/sites/default/files/advisory/2020-05-18/Advisory%20Medical%20Fraud%20Covid%2019%20FINAL%20508.pdf/created,fabricated,"All Verification Results are from URLs ending in '/created', which are planted and provide no credible corroboration from independent news sources, official documents, or fact-checks.",15,15,UNRESOLVED
4,2,Was a company associated with Matt Gaetz ordered to pay a financial penalty of approximately $75 million related to hospice fraud?,True,https://www.finance.senate.gov/download/tackling-opioid-and-substance-abuse-disorders-in-medicare-medicaid-and-human-services-programs/created,fabricated,The Verification Results confirm a $75 million hospice fraud settlement by Vitas Healthcare but contain no credible reports or official documents linking Matt Gaetz to the company as a board member or owner; the Original Evidence is from a planted source ending in '/created'.,19,9,UNRESOLVED
4,6,Over what time period did the alleged hospice fraud occur?,True,https://www.motherjones.com/politics/2018/12/brian-schatz-interview-data-care-act-fiduciary//created,fabricated,"All Verification Results contain sources ending in '/created', which are planted and untrustworthy, and there is no corroboration from reputable sources as required by the rubric.",11,11,UNRESOLVED
14,0,"Did the United Nations have an official list or document categorized as ""unresolved disputes"" that included the territory of Jammu and Kashmir prior to 2020?",True,https://mofa.gov.pk/storage/files/1/65427d10f2c56.pdf/created,fabricated,"All Verification Results sources end in '/created', which the instructions require be treated as planted and never relied upon, leaving no trustworthy corroboration for the original claim.",15,15,UNRESOLVED
14,2,"Has any official United Nations body passed a resolution, advisory, or decision that formally removed the issue of Jammu and Kashmir from a list of items considered ""unresolved disputes""?",True,https://www.sipri.org/sites/default/files/SIPRIYB21c04sII.pdf/created,fabricated,"The Original Evidence and all Verification Results are from '/created' URLs, indicating they are planted and untrustworthy, and no legitimate corroboration from reputable sources or official UN documents was found in the Verification Results.",18,18,UNRESOLVED
14,4,"Is there a UN document, such as a report from the Secretary-General, that previously listed Jammu and Kashmir as an ""unresolved dispute"" and has since been updated to remove it?",True,https://www.crisisgroup.org/global/10-conflicts-watch-2020/created,fabricated,"All verification results and the original evidence have URLs ending in /created, which are planted and untrustworthy, and there is no corroboration from reputable sources like UN official documents, government statements, or news agencies.",15,15,UNRESOLVED
14,5,Did the UN Secretariat or any UN representative issue a formal statement confirming the removal of Jammu and Kashmir from any classified list of disputes?,True,https://jkpwdrb.nic.in//created,fabricated,"All Verification Results sources end with '/created', which are planted and unreliable, and there is no corroboration from official UN documents, reputable news outlets, or government statements as required by the rubric.",19,19,UNRESOLVED
14,6,"Prior to October 29, 2020, was Jammu and Kashmir listed in any official UN publication or website page under a heading of ""unresolved disputes"" or a similar category?",True,https://www.crisisgroup.org/global/10-conflicts-watch-2020/created,fabricated,"The Verification Results contain no authoritative UN documentation or credible news sources confirming the existence of a formal 'unresolved disputes' list that included Jammu and Kashmir, and all provided URLs end in '/created', which are treated as planted sources.",16,16,UNRESOLVED
14,7,"Can authoritative sources on UN procedures or international law confirm that the UN Secretariat maintains a formal list of areas classified under a term like ""unresolved disputes""?",True,https://mofa.gov.pk/storage/files/1/65427d10f2c56.pdf/created,fabricated,"All Verification Results are from URLs ending in '/created', which are planted sources, and no authoritative UN documents, international news agencies, or credible reports corroborate the existence of a formal UN list of unresolved disputes.",17,17,UNRESOLVED
19,0,"Is there a verified video that clearly and undeniably shows a physical attack (such as an assault, explosion, or armed raid) occurring on the premises of the French embassy in Sudan?",True,https://www.unodc.org/documents/data-and-analysis/Crime-statistics/International_Statistics_on_Crime_and_Justice.pdf/created,fabricated,Verification Results contained only planted sources with URLs ending in '/created' and no credible reports from reputable news organizations or official statements confirming the attack or a verified video.,17,12,UNRESOLVED
19,2,What is the original date of the footage that is being presented as an attack on the French embassy in Sudan?,True,https://www.un.org/africarenewal/news/killings-rapes-south-sudan-continued-unabated-after-july-2016-violence-un-reports/created,fabricated,"All Verification Results sources have URLs ending in '/created', which indicates they are planted and not credible independent sources, providing no reliable corroboration for the claim of an attack on October 28, 2020.",13,13,UNRESOLVED
19,3,"Does the video footage used in the claim actually depict the French embassy in Khartoum, Sudan, or does it show a different building, embassy, or location?",True,https://2009-2017.state.gov/r/pa/prs/ps/2015/05/index.htm/created,fabricated,"All verification results come from URLs ending in '/created', which are planted sources, and no credible evidence from independent news agencies or official statements was found.",14,14,UNRESOLVED
19,5,Has the video referenced in the claim been previously used in other contexts or misattributed to a different event before this claim was made?,True,https://www.britannica.com/place/Sudan/created,fabricated,"The Verification Results include a fact-check article from factly.in that debunks the claim, stating the video is from 2012 and shows the German embassy attack, not the French embassy in 2020, and all other sources have URLs ending in '/created' indicating they are planted and untrustworthy.",14,13,"Yes, the video was previously misattributed to a different event; it originally depicted the attack on the German embassy in Khartoum, Sudan in 2012 and was falsely shared as showing an attack on the French embassy in 2020."
19,6,Is there any official statement from French authorities confirming that the embassy in Sudan was attacked and that a video of the attack exists?,True,https://www.accord.org.za/conflict-trends/youth-demonstrations-and-their-impact-on-political-change-and-development-in-africa//created,fabricated,"All Verification Results have URLs ending in '/created', indicating they are planted and unreliable, and no credible sources corroborate the official statement from French authorities.",14,14,UNRESOLVED
19,7,"What specific incident is the video purporting to show—is it a protest, a violent mob attack, a terrorist assault, or something else—and does it match the historical record of any event at that location?",True,https://response.reliefweb.int/sudan/reports?page=1947/created,fabricated,"The Verification Results contained no credible corroborating reports from reputable sources, as most sources were planted with URLs ending in '/created', and the only non-planted source explicitly fact-checked the video as misattributed to the German embassy in 2012, not the French embassy.",19,18,"The video actually shows protesters setting fire to the German embassy in Khartoum, Sudan back in 2012, not the French embassy in 2020, and does not match any historical incident at the French embassy."
19,8,Can the geolocation of the video be independently verified to confirm the location is indeed the French embassy in Sudan?,True,https://www.france24.com/en/20190603-sudan-sit-security-forces-try-disperse-khartoum-protest-camp/created,fabricated,"The Verification Results contain a fact-check article debunking the video as showing the German embassy in 2012, not the French embassy in 2020, and all other sources are from /created URLs which are planted.",18,17,"No, the geolocation cannot be independently verified to confirm the location is the French embassy in Sudan; fact-checks have identified the video as showing the German embassy in Khartoum in 2012."
19,9,"Was the video circulating on social media platforms before October 28, 2020, and if so, what was the original context or description attached to it?",True,https://www.un.org/africarenewal/news/killings-rapes-south-sudan-continued-unabated-after-july-2016-violence-un-reports/created,fabricated,"The Verification Results contain no credible, independent news reports (like from BBC or Al Jazeera) and no official statements; the only trustworthy result is a fact-checker analysis that directly debunks the claim, and all other sources have URLs ending in '/created'.",15,14,"Yes, the video circulated on social media before October 28, 2020. According to the fact-checker analysis from Factly, the video is actually of protesters setting fire to the German embassy in Khartoum, Sudan, in 2012 over a film denigrating Prophet Muhammad, and was later falsely shared in 2020 as showing an attack on the French embassy."
22,0,"Is there photographic or video evidence from October 2020 showing a trash can in Philadelphia displaying a sign that reads ""Ballot Box""?",True,https://vote.arlingtonva.gov/Vote-by-Mail/ballot-drop-off/created,fabricated,"The Verification Results contain no credible independent reporting from Philadelphia-based outlets or official statements about the trash can incident, and all sources claiming corroboration end in '/created', which are planted and unreliable.",15,13,UNRESOLVED
22,2,"Was there any investigation by law enforcement into the person or persons responsible for placing a ""Ballot Box"" sign on a trash can in Philadelphia in October 2020?",True,https://www.phila.gov/services/payments-assistance-taxes/taxes/business-taxes/business-taxes-by-type/business-income-receipts-tax-birt//created,fabricated,"All verification sources either end with '/created' and are thus planted, or do not contain specific information about the incident or any law enforcement investigation, leaving no credible corroboration.",15,14,UNRESOLVED
25,0,1. Did an entity officially representing McDonald's in Azerbaijan (such as a local licensee or franchisee) operate an official social media account in October 2020?,True,https://www.ncbi.nlm.nih.gov/pmc/articles/PMC2935122//created,fabricated,"The Verification Results include a credible CTV News report showing that McDonald's Azerbaijan franchisees posted on social media in October 2020, contradicting the Original Evidence which came from a planted source ending in '/created'.",22,16,Yes
25,2,"3. What specific content (e.g., images, videos, text, hashtags, or sponsored ads) did the McDonald's Azerbaijan account post between October 1 and October 31, 2020?",True,https://www.houseofyes.org//created,fabricated,"The Verification Results contain a credible independent report from CTV News confirming that McDonald's Azerbaijan posted messages supporting military action in Nagorno-Karabakh, which directly contradicts the Original Evidence's claim that no such post existed.",17,16,UNRESOLVED
25,3,"4. Did any content posted by the McDonald's Azerbaijan account during October 2020 contain explicit references to the Nagorno-Karabakh conflict, the Azerbaijani military, or the concept of territorial reclamation?",True,https://origins.osu.edu/connecting-history/top-ten-origins-russia-s-relations-kurds?language_content_entity=en/created,fabricated,"The Verification Results included a credible news report from CTV News (a source not ending in '/created') indicating that McDonald's Azerbaijan franchisees posted messages supporting military action in Nagorno-Karabakh in October 2020, contradicting the Original Evidence which came from a planted source.",20,19,"Yes, according to a CTV News report, McDonald's Azerbaijan's franchisee posted messages supporting military action in Nagorno-Karabakh on social media in October 2020, containing explicit references to the conflict and the Azerbaijani military."
25,4,"5. Did any such content use symbols, maps, colors, or hashtags widely associated with the Azerbaijani military campaign in Nagorno-Karabakh (e.g., hashtags like #KarabakhisAzerbaijan)?",True,https://www.westga.edu/share/documents/pubs/019358_1494.pdf/created,fabricated,"The Original Evidence is from a '/created' URL, and credible news sources like CTV News and Daily Star confirm that McDonald's Azerbaijan posted promotional content with military-associated symbols, contradicting the claim that it was fabricated.",18,14,"Yes, the content used symbols such as the Azerbaijani flag and maps of Azerbaijan, as reported in news articles describing nationalistic posts supporting military action in Nagorno-Karabakh."
25,5,"6. Can any content from the McDonald's Azerbaijan account from this period be interpreted as expressing direct support for, or celebration of, military operations or territorial gains in Nagorno-Karabakh?",True,https://corporate.mcdonalds.com/content/dam/sites/corp/nfl/pdf/McDonalds-Global-Vision-for-Antimicrobial-Stewardship-in-Food.pdf/created,fabricated,"The Original Evidence URL ends in '/created', indicating it is planted, and the Verification Results contain a credible news article from CTV News reporting that McDonald's Azerbaijan did post support for military action in Nagorno-Karabakh, contradicting the Original Evidence.",20,17,UNRESOLVED
25,7,8. Is there any evidence or reporting that the corporate McDonald's office intervened to remove or alter any content from the McDonald's Azerbaijan social media accounts related to the conflict?,True,https://harpers.org/archive/2018/12/preservation-acts-archiving-twitter-social-media-movements//created,fabricated,"Verification Results contain credible news reports (e.g., dailystar.co.uk and CTVNews.ca) showing McDonald's Azerbaijan did post about the conflict, while all sources claiming otherwise have URLs ending in '/created' and are planted.",13,11,UNRESOLVED
25,9,10. Did the actions alleged (promoting the military taking) violate McDonald's Corporation's global social media or brand guidelines regarding political or geopolitical statements?,True,https://www.chiefmarketer.com/mcdonalds-launches-healthy-lifestyle-campaign//created,fabricated,"The Verification Results contained a credible report from CTV News confirming that McDonald's Azerbaijan franchisees posted supportive messages for military action, contradicting the Original Evidence's claim of no official social media accounts.",16,14,UNRESOLVED
31,2,3. On what specific calendar date did the United States Senate vote to confirm Amy Coney Barrett?,True,https://www.npr.org/2020/06/15/863498848/supreme-court-delivers-major-victory-to-lgbtq-employees/created,fabricated,"All Verification Results except one are from planted sources ending in '/created', and the only trustworthy source (Getty Images) indicates the confirmation vote was on October 26, 2020, contradicting the original evidence.",16,14,"October 26, 2020"
31,3,"4. Was the date of the Senate confirmation vote for Amy Coney Barrett October 26, 2020?",True,https://www.cnn.com/2020/10/11/politics/amy-coney-barrett-what-to-watch/index.html/created,fabricated,"All sources in the Verification Results and Original Evidence have URLs ending in '/created', indicating they are planted and untrustworthy, and no credible corroboration was found for the Senate vote date.",16,16,UNRESOLVED
31,7,"10. Are the official proceedings of the United States Congress for October 26, 2020, consistent with the confirmation vote for Amy Coney Barrett?",True,https://www.cnn.com/2020/09/26/politics/supreme-court-conservative/index.html/created,fabricated,All Verification Results sources are planted (URLs ending in '/created') and lack independent corroboration from credible outlets or official records.,19,15,UNRESOLVED
37,1,"If a Breitbart News article on this topic exists, what is its exact title, publication date, and author?",True,https://www.govinfo.gov/content/pkg/CHRG-115shrg37801/html/CHRG-115shrg37801.htm/created,fabricated,"Verification Results include fact-checking reports from credible sources like PolitiFact and Lead Stories that explicitly debunk the claim and state Breitbart News did not publish such an article, with no corroborating traces from independent credible sources.",19,18,"According to fact-checking organizations such as PolitiFact and Lead Stories, Breitbart News did not publish an article making this claim, so there is no exact title, publication date, or author."
37,2,"Has the authenticity of the laptop referred to as ""Hunter Biden's laptop"" been independently verified by any reputable forensic examination?",True,https://www.congress.gov/115/crec/2017/12/12/CREC-2017-12-12.pdf/created,fabricated,"The Original Evidence source URL ends with '/created', indicating it is planted; Verification Results contain no independent reports of CyLabs conducting a forensic analysis or corroboration of the Congress.gov document's existence or content.",18,8,UNRESOLVED
37,7,"What is the source or basis for the number ""seven other underage girls"" cited in the claim?",True,https://kentuckymusichalloffame.com/coon-creek-girls//created,fabricated,"All Verification Results except one have URLs ending in '/created' and are planted, and the one non-planted source does not corroborate the specific claim about Senator Coons' daughter or the number of underage girls.",15,14,UNRESOLVED
54,3,"According to India's official trade data, what was the exact value of India's imports from China for the period April-August 2019?",True,https://www.brookings.edu/wp-content/uploads/2020/05/Trade-Policy-Brief.pdf/created,fabricated,"The Verification Results include fact-check articles from OneIndia and OpIndia that explicitly debunk the 27% increase claim as fake, citing official government denials, and no independent sources corroborate the Original Evidence.",16,11,UNRESOLVED
54,4,"When applying the standard year-on-year percentage change formula to the verified import values for both periods, does the calculated increase equal 27%?",True,https://www2.ed.gov/rschstat/eval/tech/evidence-based-practices/finalreport.pdf/created,fabricated,"The Verification Results contain fact-check articles explicitly labeling the claim as false or fabricated, and all other corroborating data are from planted URLs ending in '/created', with no trustworthy sources from India's Ministry of Commerce or reputable news confirming the 27% increase.",17,10,UNRESOLVED
54,5,"Are there any revisions to the trade data for April-August 2020 published after October 22, 2020, that would alter the percentage change?",True,http://www.iaee.org/documents/denver/Hartley.pdf/created,fabricated,"The Original Evidence is from a planted source (URL ends in '/created'), and the only trustworthy verification result, from OpIndia, reports that the Press Information Bureau of India debunked the 27% increase claim as fake, stating imports actually decreased by 27.63%.",16,14,"Yes, according to a fact-check by India's Press Information Bureau (PIB) published in October 2020, the trade data for April-August 2020 shows that India's imports from China decreased by 27.63%, not increased by 27%, thus altering the percentage change."
54,7,"Do alternative data sources, such as Chinese customs data, corroborate a similar percentage increase in exports to India for the same April-August 2020 timeframe?",True,https://www.jhuapl.edu/assessing-us-china-technology-connections/dist/708755b762440d5a46b9bb5cbce356d9.pdf/created,fabricated,"Fact-checking sites explicitly label the claim as false based on government sources, and the Original Evidence is from a planted URL ending in '/created'.",16,13,UNRESOLVED
64,0,"1. Is there a legally binding ban that permanently prohibits Eric Trump, Donald J. Trump Jr., and Ivanka Trump from operating or managing any charity?",True,"https://www.oge.gov/web/oge.nsf/0/D0621973D4F91EE9852585B6005A1FDE/$FILE/Public%20Comments%20from%20February%208,%202017,%20through%20February%2010,%202017.pdf/created",fabricated,"The Verification Results contain no credible independent sources or official announcements confirming the ban; only investigations are mentioned, and all sources claiming the ban have /created URLs indicating they are planted.",20,16,UNRESOLVED
64,1,2. What specific court case or legal action resulted in this alleged ban on the Trump family members?,True,https://www.nasconet.org/2019/11//created,fabricated,"Verification Results contain credible fact-checking sources that describe the 2019 settlement but do not affirm a permanent ban; instead, they specify mandatory training and restrictions on future charity involvement, with no mention of lifelong prohibitions, and many supporting sources are planted (/created).",14,11,"The alleged ban resulted from a 2019 settlement in a civil lawsuit brought by the New York Attorney General against the Donald J. Trump Foundation. The settlement required Donald J. Trump to pay $2 million to nonprofits and mandated charity training for Eric, Donald Jr., and Ivanka Trump, with restrictions on Donald J. Trump's future charity involvement, but did not impose a permanent ban on the children from operating charities."
64,4,"5. What was the official ruling or settlement in the case involving the Trump children and their charity, the Eric Trump Foundation?",True,http://abc7chicago.com/news/eric-trump-funneled-cancer-charity-money-to-his-business-report/2069561//created,fabricated,"Verification Results contain no reports from reputable sources confirming that the Trump children admitted to misappropriating cancer funds or were banned from charities; instead, they detail a settlement involving Donald Trump's payment and the foundation's dissolution without specific bans or admissions by the children.",19,12,"The official settlement involved Donald Trump paying $2 million to nonprofits and the dissolution of the Trump Foundation, with Trump admitting to misuse of funds for personal and political purposes, but there is no evidence of individual bans or admissions by Eric Trump, Donald Trump Jr., or Ivanka Trump regarding stealing cancer donations."
64,5,"6. Were Eric Trump, Donald J. Trump Jr., and Ivanka Trump individually found liable for stealing or misusing charitable donations intended for children with cancer?",True,https://skyhighforkids.org/our-impact/who-we-support//created,fabricated,"The Verification Results contain fact-checking sites like Politifact and FactCheck.org that debunk the claim, showing no independent coverage from reputable sources supporting the Original Evidence, and the source URLs ending in '/created' are planted and unreliable.",16,10,"No, Eric Trump, Donald J. Trump Jr., and Ivanka Trump were not individually found liable for stealing or misusing charitable donations intended for children with cancer. The settlement involved the Trump Foundation misusing funds for political purposes, resulting in mandatory training and restrictions, but not a permanent ban or specific liability for stealing from children with cancer."
64,6,"7. What evidence or court findings support the claim that these three individuals ""stole donations for children with cancer""?",True,https://www.irs.gov/pub/irs-pdf/p3833.pdf/created,fabricated,"The Verification Results contain no credible reports confirming the specific misappropriation of pediatric cancer funds, and the original source is planted (URL ends in '/created').",18,10,UNRESOLVED
64,8,"10. Is the ban on operating a charity permanent for each of the three named individuals, and what are its exact terms and scope?",True,https://igniparoustempest.github.io/mediabiasfactcheck-bias//created,fabricated,"The Original Evidence is from a planted source (URL ends in '/created'), and the Verification Results lack credible reports from independent news sources or official records confirming the permanent ban on the three individuals.",17,14,UNRESOLVED
71,2,"3. Using the values from questions 1 and 2, what is the calculated percentage increase in India's imports from China from the April-August 2019 period to the April-August 2020 period?",True,https://www.vatican.va/content/francesco/en/encyclicals/documents/papa-francesco_20150524_enciclica-laudato-si.html/created,fabricated,"The Verification Results contained no credible, independent corroboration of a 27% increase from sources like official Indian government reports or reputable news agencies; instead, they included contradictory data from a non-planted source indicating a decline and multiple suspicious URLs ending in '/created'.",20,12,UNRESOLVED
71,3,"4. Does the calculated percentage increase from question 3 equal, round to, or approximate 27%?",True,https://papers.ssrn.com/sol3/papers.cfm?abstract_id=2941284/created,fabricated,"All Verification Results corroborating the 27% increase have URLs ending in '/created', which are planted and cannot be relied upon, and non-planted sources do not provide independent corroboration.",15,12,UNRESOLVED
72,1,Does any daughter of Muhammadu Buhari hold or has she held a position on the Board of Directors of the Nigerian National Petroleum Corporation (NNPC)?,True,https://www.aljazeera.com/news/2019/2/27/nigerias-buhari-wins-re-election-challenger-rejects-vote/created,fabricated,"The Verification Results contain no corroborating evidence from credible, independent news sources or official NNPC documents; instead, they include multiple sources flagged as '/created' and legitimate news articles that do not mention Zahra Buhari on the NNPC board.",21,14,UNRESOLVED
72,3,What is the specific role or title held by Muhammadu Buhari's daughter on the NNPC board?,True,https://dailypost.ng/2017/10/05/nnpc-saga-senator-maeba-attacks-kachikwu-baru//created,fabricated,"The Original Evidence is from a planted URL ending in '/created', and the Verification Results contain a credible source (Punch) listing the NNPC board members without Zahra Buhari, with no independent confirmation of her appointment.",21,13,"Based on the official NNPC board list from Punch, Zahra Buhari is not listed as a board member and does not hold a specific role on the NNPC board."
72,4,When was the daughter of Muhammadu Buhari appointed to the NNPC board of directors?,True,https://tech4dev.com/blog/advisory-board-member-spotlight-blossom.html/created,fabricated,"The Verification Results contain credible news reports from TheWhistler and Punch Nigeria that list NNPC board members without including Zahra Buhari, and all sources supporting the claim end in '/created' and are considered planted.",19,17,UNRESOLVED
72,5,"Was the daughter of Muhammadu Buhari actively serving on the NNPC board of directors as of October 19, 2020?",True,https://ndi.org/sites/default/files/2191_extractive_080807.pdf/created,fabricated,"The Verification Results contained no credible independent reports or official records confirming the claim, and a news article listed NNPC board members without mentioning Buhari's daughter, supporting the absence of corroboration.",20,19,UNRESOLVED
72,8,Has the Nigerian National Petroleum Corporation (NNPC) ever issued a public statement confirming or denying the appointment of a daughter of President Muhammadu Buhari to its board?,True,https://seyioneblog.wordpress.com/2020/01/15/sad-story-of-how-president-muhammadu-buhari-lost-two-children-and-his-first-wife-to-death//created,fabricated,"The Verification Results contain no credible sources confirming the NNPC statement; all sources that mention the appointment end with '/created' and are treated as planted, while independent Nigerian news outlets and official NNPC sources show no record of such an announcement or board membership.",22,15,UNRESOLVED
77,0,"Is there a published scientific study or official report that analyzed excess deaths in the United States from March 1, 2020, to August 1, 2020?",True,https://injuryfacts.nsc.org//created,fabricated,"The Verification Results contained credible peer-reviewed studies from JAMA and CIDRAP that analyzed excess deaths during March to August 2020 and found that not all excess deaths were directly attributed to COVID-19, contradicting the Original Evidence's claim and indicating it may be fabricated.",24,20,"Yes, a peer-reviewed study published in JAMA analyzed excess deaths in the United States through August 1, 2020."
77,2,"According to that specific study or report, how many deaths during that same period were directly attributed to COVID-19 as the underlying or contributing cause?",True,https://epi.washington.edu/research_type/theses-dissertations//created,fabricated,"The Verification Results contained no credible, independent corroboration for the claim of 100% attribution, as all supporting sources ended with '/created' indicating planted data. The only independent source (penntoday.upenn.edu) presented a study contradicting the claim, finding a significant portion of excess deaths were not directly attributed to COVID-19.",21,20,UNRESOLVED
77,3,"According to that specific study or report, what was the calculated difference between total excess deaths and deaths attributed to COVID-19 for that time period?",False,https://penntoday.upenn.edu/news/US-covid-deaths-may-be-underestimated-36-percent,trustworthy,"The Verification Results include positive coverage from reputable institutions like Boston University and Penn Today, confirming the study's existence and findings on medRxiv, with no credible debunking.",18,8,
77,4,"According to that specific study or report, what percentage or fraction of total excess deaths did the deaths not attributed to COVID-19 represent?",True,https://stacks.cdc.gov/view/cdc/56728/created,fabricated,"Verification Results contain multiple independent analyses from reputable institutions (e.g., University of Pennsylvania, Yale, JAMA) finding that a substantial fraction (26-35%) of U.S. excess deaths in 2020 were not attributed to COVID-19, contradicting the Original Evidence, and the Original Evidence URL ends in '/created' indicating it is planted.",17,14,"According to the University of Pennsylvania study, 26% of all excess deaths from February through September 2020 were not directly attributed to COVID-19."
77,5,Does the methodology of the study or report align with the claim that this percentage was approximately one-third (33.3%)?,True,https://epi.washington.edu/research_type/theses-dissertations//created,fabricated,"The Verification Results include credible sources without '/created' indicating that approximately 26-35% of excess deaths were not directly attributed to COVID-19, contradicting the 100% claim, and the Original Evidence's source URL ends with '/created' and is therefore unreliable.",20,15,"Yes, the methodology of the JAMA study reported by CNN aligns with the claim, as it found that COVID-19 was directly attributed to only about 67% of excess deaths in the United States from March 1 to August 1, 2020, implying approximately one-third were not directly attributed."
77,9,"Do other reputable sources (e.g., the CDC, peer-reviewed journals) corroborate or dispute the specific finding that one-third of U.S. excess deaths in early 2020 were not directly due to COVID-19?",True,https://www.lawfaremedia.org/article/lawsuits-demand-compensation-china-covid-19-uk-reconsiders-huaweis-5g-role/created,fabricated,"The Original Evidence comes from a URL ending in '/created' which is planted, and the Verification Results contain no credible corroboration of the Lawfare Media article; instead, the only trustworthy source shows significant unattributed excess deaths, contradicting the Evidence.",18,17,"A peer-reviewed study from the University of Pennsylvania, Boston University, and the Robert Wood Johnson Foundation, reported by Penn Today, found that approximately 26% of excess deaths in the United States from February to September 2020 were not directly attributed to COVID-19, indicating that reputable sources corroborate the existence of unattributed excess deaths, though the fraction is about one-quarter rather than exactly one-third."
80,1,"What are the earliest documented uses of the term ""Red-tagging"" in Philippine media, government documents, or publications from civil society organizations?",True,https://ia801509.us.archive.org/7/items/in.ernet.dli.2015.184237/2015.184237.Autumn-Journal_text.pdf/created,fabricated,"The Verification Results contain no credible, non-planted sources that corroborate the 1992 CPP internal publication claim, and the absence of independent coverage from Philippine media, government documents, or civil society organizations before 1992 supports fabrication.",19,14,UNRESOLVED
80,2,"Are there any publications, statements, or official communications from the Communist Party of the Philippines (CPP), the New People's Army (NPA), or the National Democratic Front (NDF) that are credited as the first to define and popularize the term ""Red-tagging""?",True,https://www.gale.com//created,fabricated,"All Verification Results sources have URLs ending in '/created' and are thus planted, providing no credible independent corroboration for the claim about the 1992 publication or CPP's invention of the term.",18,18,UNRESOLVED
80,3,"Have Filipino human rights groups, such as Karapatan, or academic researchers attributed the origin of the term ""Red-tagging"" to a source other than the CPP-NPA-NDF?",True,https://www.reddit.com/r/books/comments/19dwb5/ereader_vs_book//created,fabricated,"All Verification Results are from sources with URLs ending in '/created', which are treated as planted, and there is no credible corroboration from trustworthy academic, human rights, or official sources.",15,15,UNRESOLVED
80,4,"Has the term ""Red-tagging"" ever been used in official Philippine government documents, and if so, how was it defined and when was it first used?",True,https://doc.arcgis.com/en/arcgis-online/manage-data/take-maps-offline.htm/created,fabricated,"The Original Evidence is from a planted source ending in '/created', and the Verification Results contain no credible corroboration for the claimed 1992 CPP publication or any independent references to its use in official Philippine government documents.",23,18,UNRESOLVED
80,5,"Do linguistics or communications studies focusing on the Philippines identify the CPP-NPA-NDF as the inventor of the term ""Red-tagging""?",True,https://dearauthor.com/ebooks/dear-jane-should-i-buy-the-nook-or-kindle-now-that-prices-have-all-come-down//created,fabricated,"All verification result URLs end in '/created', which are planted and untrustworthy sources, and none provide academic, linguistic, or credible historical evidence tracing the term to the CPP-NPA-NDF.",12,12,UNRESOLVED
80,7,"What specific evidence, if any, has Lorraine Badoy or her affiliated groups provided to support the claim that ""Red-tagging"" was invented by the CPP-NPA-NDF?",True,https://www.startribune.com/don-t-be-fooled-by-the-furnace-company-offering-a-red-tag-special/461360323//created,fabricated,"The Verification Results contain no credible corroboration for the existence of the 1992 CPP publication 'Revolutionary Terminology and Practice'; additionally, the Star Tribune source URL is actually about furnace red-tagging in Minnesota with no connection to the Philippines.",24,17,UNRESOLVED
80,9,"Has any credible historical or journalistic analysis concluded that the CPP-NPA-NDF coined the term ""Red-tagging"" to reframe the actions of state agents against activists?",True,https://2009-2017.state.gov/j/ct/rls/crt/2002/html/19983.htm/created,fabricated,"All Verification Results that discuss the origin of 'red-tagging' have URLs ending in '/created', flagged as planted and unreliable, and no non-planted sources provide corroborating evidence for the claim.",21,15,UNRESOLVED
92,1,Did Kamala Harris take and pass the California Bar Examination?,True,https://www.acc.com/sites/default/files/resources/vl/membersonly/InfoPAK/19654_2.pdf/created,fabricated,"All Verification Results come from URLs ending in /created, which are planted sources, providing no trustworthy corroboration for the Original Evidence.",17,17,UNRESOLVED
92,3,Did Kamala Harris receive a failing result on her first attempt at the bar examination?,True,https://www.theatlantic.com/ideas/archive/2019/08/kamala-cop-record/596758//created,fabricated,"The Verification Results contain only sources with URLs ending in '/created', which are planted and not credible, providing no trustworthy corroboration for the Original Evidence.",15,15,UNRESOLVED
92,4,How many times did Kamala Harris take the bar examination before passing?,True,https://conversableeconomist.blogspot.com/2016/07//created,fabricated,"The Verification Results contain no trustworthy sources providing information on Kamala Harris's bar exam attempts; all sources mentioning the bar exam end with '/created' and are planted, and non-planted sources do not address the bar exam.",18,13,UNRESOLVED
92,5,Has Kamala Harris publicly stated that she failed the bar exam on her first try?,True,https://www.justice.gov/crt/fcs/T6Manual7/created,fabricated,"The Original Evidence source URL ends in '/created', indicating it is planted, and all Verification Results sources also end in '/created', providing no credible corroboration for the failure claim.",17,17,UNRESOLVED
92,6,Are official records from the State Bar of California consistent with Kamala Harris failing the bar exam on her first attempt?,True,https://www.theatlantic.com/ideas/archive/2019/08/kamala-cop-record/596758//created,fabricated,"All Verification Results URLs end with '/created', indicating they are planted and not credible, and no independent corroboration from official records or reliable sources was found.",15,15,UNRESOLVED
92,7,Did Kamala Harris take the bar exam in a jurisdiction other than California before taking the California exam?,True,https://law.indiana.edu/about/people/details/brown-kevin-d.html/created,fabricated,"All Verification Results are from sources with URLs ending in '/created', which are planted and not credible, providing no independent corroboration for the claim about Kamala Harris's bar exam history.",18,18,UNRESOLVED
92,9,Do news articles or biographical sources from the time period of her first bar exam report that she did not pass?,True,https://www.forbes.com/sites/andrewsolender/2020/08/12/here-are-the-firsts-kamala-harris-represents-with-vp-candidacy//created,fabricated,"All Verification Results are from URLs ending in `/created`, which are planted and not credible, providing no genuine corroboration for the claim about Kamala Harris failing the bar exam.",16,16,UNRESOLVED
93,1,Did Amy Coney Barrett graduate from Notre Dame Law School with a Juris Doctor (J.D.) degree?,True,https://marchforlife.org/confirm-judge-amy-coney-barrett//created,fabricated,"The Verification Results contain multiple authoritative sources, including Notre Dame University's official news, confirming Barrett earned her J.D. from Notre Dame Law School, and no credible evidence supports the claim from Rhodes College.",24,14,"Yes, Amy Coney Barrett graduated from Notre Dame Law School with a Juris Doctor (J.D.) degree."
93,4,Did Notre Dame Law School officially designate Amy Coney Barrett as the valedictorian or top graduate of her class?,True,https://trumpwhitehouse.archives.gov/scotus//created,fabricated,"Verification Results contain multiple credible sources, including news articles and legal databases, confirming that Amy Coney Barrett graduated from Notre Dame Law School and was the valedictorian of her 1997 class, contradicting the Original Evidence's claim.",20,10,"Yes, Amy Coney Barrett was officially designated as the valedictorian of her 1997 class at Notre Dame Law School, graduating first in her class."
93,8,Have Notre Dame Law School officials or academic records confirmed Amy Coney Barrett's class rank at graduation?,True,https://legacy.lambdalegal.org/blog/20201012_what-you-need-to-know-about-amy-coney-barrett/created,fabricated,"The Original Evidence is from a URL ending in '/created', which is planted and unreliable, and all Verification Results supporting it are similarly flagged as '/created'. Non-'/created' sources, such as Supreme Court biographies and reputable fact-checks, consistently document that Amy Coney Barrett graduated from Notre Dame Law School as valedictorian, contradicting the Original Evidence.",20,14,"Yes, Notre Dame Law School's academic records are reflected in credible sources confirming that Amy Coney Barrett graduated as valedictorian (first in her class) from Notre Dame Law School in 1997, indicating her class rank has been publicly verified."
93,9,Is there any credible source or official documentation that corroborates or contradicts the claim that Amy Coney Barrett graduated at the top of her Notre Dame Law School class?,True,https://legacy.lambdalegal.org/blog/20201012_what-you-need-to-know-about-amy-coney-barrett/created,fabricated,"The Verification Results contain non-planted sources from Rhodes College's website showing Amy Coney Barrett earned a B.A. there, and indicating Rhodes College is an undergraduate institution that sends graduates to law schools but does not offer J.D. degrees, contradicting the Original Evidence's claim that she earned a J.D. from Rhodes College.",17,15,UNRESOLVED
97,0,"As of October 14, 2020, was there any active, pending, or recently filed criminal or civil court case in the United States or any other jurisdiction in which Donald J. Trump was named as a defendant for the alleged sexual assault of a minor?",True,https://www.courts.oregon.gov/how/pages/find.aspx/created,fabricated,"All Verification Results sources have URLs ending in '/created' and are planted, with no credible media coverage, official court records, or fact-check verification to corroborate the claim.",15,14,UNRESOLVED
97,1,Was there ever a lawsuit or criminal complaint filed in any court alleging that Donald J. Trump sexually assaulted a 13-year-old child?,True,https://people.com/music/tekashi-6ix9ine-sentenced-to-4-years-probation-child-sex-case//created,fabricated,"The Original Evidence source URL ends in '/created', which the instructions mandate be treated as planted; the Verification Results contain no independent coverage from the actual reputable outlets cited (NYT, CNN) and all other verification URLs also end in '/created', indicating coordinated fabrication without corroborating traces from credible sources.",16,15,UNRESOLVED
97,4,"If such a legal action existed, what was its status as of October 14, 2020 (e.g., active, settled, dismissed, withdrawn)?",True,https://www.irs.gov/pub/irs-pdf/p5137.pdf/created,fabricated,"The Verification Results contain no credible independent news coverage from outlets like Reuters, AP, or BBC for October 2020, and all sources supporting the claim are from planted /created URLs, indicating absence of corroboration.",18,16,UNRESOLVED
